		<ELEMENT>
			<ID>BLOCKRMID_HERE_PROJECTAREAID_HERE</ID>
			<RHP-ID>BLOCKGUID_HERE</RHP-ID>
			<NAME>BLOCKNAME_HERE</NAME>
			<TYPE>Class</TYPE>
			<DISPLAY-TYPE>Block</DISPLAY-TYPE>
			<DISPLAY-GROUP>Blocks</DISPLAY-GROUP>
			<BROWSER-ICON>GUID f685432f-691e-4ff1-be70-4d09d19457e1~ALL~BrowserIcon</BROWSER-ICON>
			<GROUP-ICON>GUID f685432f-691e-4ff1-be70-4d09d19457e1~ALL~GroupIcon</GROUP-ICON>
			<IS-TOP-LEVEL>false</IS-TOP-LEVEL>
			<MODIFIED-TIME-UTC>CURRENTDATE_HERE</MODIFIED-TIME-UTC>
			<VIEW-PARENTS></VIEW-PARENTS>
			<VIEW-CHILDREN></VIEW-CHILDREN>
			<AGGREGATES></AGGREGATES>
			<REFERENCES>
				<APPLIED-STEREOTYPES>
					<FIRST-IS-NEW-TERM>TRUE</FIRST-IS-NEW-TERM>
					<VALUE-REFERENCES>
						<VALUE-ELEMENT>
							<NAME>Block</NAME>
						</VALUE-ELEMENT>
					</VALUE-REFERENCES>
				</APPLIED-STEREOTYPES>
			</REFERENCES></ELEMENT>