		<IClass type="e">
			<_id type="a">BLOCKGUID_HERE</_id>
			<_rmmServerID type="a">BLOCKRMID_HERE_PROJECTAREAID_HERE</_rmmServerID>
			<_name type="a">BLOCKNAME_HERE</_name>
			<Stereotypes type="c">
				<IRPYRawContainer type="e">
					
						<IHandle type="e">
							<_hm2Class type="a">IStereotype</_hm2Class>
							<_hfilename type="a">$OMROOT\Profiles\SysML\SysMLProfile_rpy\SysML.sbs</_hfilename>
							<_hsubsystem type="a">SysML::Blocks</_hsubsystem>
							<_hname type="a">Block</_hname>
							<_hid type="a">GUID f685432f-691e-4ff1-be70-4d09d19457e1</_hid>
						</IHandle>
					
				</IRPYRawContainer>
			</Stereotypes>
			<_modifiedTimeWeak type="a">CURRENTDATE_HERE</_modifiedTimeWeak>
			<_modifiedTime type="a">CURRENTDATE_HERE</_modifiedTime>
			<weakCGTime type="a">CURRENTDATE_HERE</weakCGTime>
			<strongCGTime type="a">CURRENTDATE_HERE</strongCGTime>
			<_itsStateChart type="r">
				<IHandle type="e">
				</IHandle>
			</_itsStateChart>
			<_classModifier type="a">Unspecified</_classModifier>
			<AggregatesList>
			</AggregatesList>
		</IClass>