		<ELEMENT>
			<ID>CONNRMID_HERE</ID>
			<RHP-ID>CONNGUID_HERE</RHP-ID>
			<NAME>CONNNAME_HERE</NAME>
			<TYPE>Link</TYPE>
			<DISPLAY-TYPE>connector</DISPLAY-TYPE>
			<DISPLAY-GROUP>connectors</DISPLAY-GROUP>
			<BROWSER-ICON>GUID af0f57c0-ca41-456e-87cc-be8bf10a1c55~ALL~BrowserIcon</BROWSER-ICON>
			<GROUP-ICON>GUID af0f57c0-ca41-456e-87cc-be8bf10a1c55~ALL~GroupIcon</GROUP-ICON>
			<IS-TOP-LEVEL>false</IS-TOP-LEVEL>
			<MODIFIED-TIME-UTC>CURRENTDATE_HERE</MODIFIED-TIME-UTC>
			<VIEW-PARENTS></VIEW-PARENTS>
			<VIEW-CHILDREN></VIEW-CHILDREN>
			<AGGREGATES></AGGREGATES>
			<REFERENCES>
				<APPLIED-STEREOTYPES>
					<FIRST-IS-NEW-TERM>TRUE</FIRST-IS-NEW-TERM>
					<VALUE-REFERENCES>
						<VALUE-ELEMENT>
							<NAME>connector</NAME>
						</VALUE-ELEMENT>
					</VALUE-REFERENCES>
				</APPLIED-STEREOTYPES>
			
				<RELATION-SOURCE>
					<VALUE-ID>FROMPARTRMID_HERE</VALUE-ID>
				</RELATION-SOURCE>
				<RELATION-TARGET>
					<VALUE-ID>TOPARTRMID_HERE</VALUE-ID>
				</RELATION-TARGET>
				<RELATION-SOURCE-PORT>
					<VALUE-ID>FROMPORTRMID_HERE</VALUE-ID>
				</RELATION-SOURCE-PORT>
				<RELATION-TARGET-PORT>
					<VALUE-ID>TOPORTRMID_HEREQ</VALUE-ID>
				</RELATION-TARGET-PORT>
			</REFERENCES></ELEMENT>