		<ELEMENT>
			<ID>PARTRMID_HERE_PROJECTAREAID_HERE</ID>
			<RHP-ID>PARTGUID_HERE</RHP-ID>
			<NAME>PARTNAME_HERE</NAME>
			<TYPE>Object</TYPE>
			<DISPLAY-TYPE>Part</DISPLAY-TYPE>
			<DISPLAY-GROUP>Parts</DISPLAY-GROUP>
			<BROWSER-ICON>Part~ALL~BrowserIcon</BROWSER-ICON>
			<GROUP-ICON>Part~ALL~GroupIcon</GROUP-ICON>
			<IS-TOP-LEVEL>false</IS-TOP-LEVEL>
			<MODIFIED-TIME-UTC>CURRENTDATE_HERE</MODIFIED-TIME-UTC>
			<VIEW-PARENTS></VIEW-PARENTS>
			<VIEW-CHILDREN></VIEW-CHILDREN>
			<AGGREGATES></AGGREGATES>
			<REFERENCES>
				<OF-TYPE>
					<VALUE-ID>CHILDRMID_HERE_PROJECTAREAID_HERE</VALUE-ID>
				</OF-TYPE>
			</REFERENCES></ELEMENT>