		<ELEMENT>
			<ID>PACKAGERMID_HERE_PROJECTAREAID_HERE</ID>
			<RHP-ID>PACKAGEGUID_HERE</RHP-ID>
			<NAME>PACKAGENAME_HERE</NAME>
			<TYPE>Package</TYPE>
			<DISPLAY-TYPE>Package</DISPLAY-TYPE>
			<DISPLAY-GROUP>Packages</DISPLAY-GROUP>
			<BROWSER-ICON>Package~ALL~BrowserIcon</BROWSER-ICON>
			<GROUP-ICON>Package~ALL~GroupIcon</GROUP-ICON>
			<IS-TOP-LEVEL>false</IS-TOP-LEVEL>
			<MODIFIED-TIME-UTC>CURRENTDATE_HERE</MODIFIED-TIME-UTC>
			<VIEW-PARENTS></VIEW-PARENTS>
			<VIEW-CHILDREN></VIEW-CHILDREN>
			<AGGREGATES>I:BLOCKRMID_HERE_PROJECTAREAID_HERE</AGGREGATES>
			<REFERENCES>
			</REFERENCES>
		</ELEMENT>