		<ELEMENT>
			<ID>PORTRMID_HERE_PROJECTAREAID_HERE</ID>
			<RHP-ID>PORTGUID_HERE</RHP-ID>
			<NAME>PORTNAME_HERE</NAME>
			<TYPE>Port</TYPE>
			<DISPLAY-TYPE>ProxyPort</DISPLAY-TYPE>
			<DISPLAY-GROUP>Proxy Ports</DISPLAY-GROUP>
			<BROWSER-ICON>GUID b04e5e63-f5d7-4e3d-8000-2e07f5be4e8a~ALL~BrowserIcon</BROWSER-ICON>
			<GROUP-ICON>GUID b04e5e63-f5d7-4e3d-8000-2e07f5be4e8a~ALL~GroupIcon</GROUP-ICON>
			<IS-TOP-LEVEL>false</IS-TOP-LEVEL>
			<MODIFIED-TIME-UTC>CURRENTDATE_HERE</MODIFIED-TIME-UTC>
			<VIEW-PARENTS></VIEW-PARENTS>
			<VIEW-CHILDREN></VIEW-CHILDREN>
			<AGGREGATES></AGGREGATES>
			<REFERENCES>
				<APPLIED-STEREOTYPES>
					<FIRST-IS-NEW-TERM>TRUE</FIRST-IS-NEW-TERM>
					<VALUE-REFERENCES>
						<VALUE-ELEMENT>
							<NAME>proxyPort</NAME>
						</VALUE-ELEMENT>
					</VALUE-REFERENCES>
				</APPLIED-STEREOTYPES>
			
				<OF-TYPE>
					<VALUE-ELEMENT>
						<NAME>StubInterfaceBlock</NAME>
						<TYPE>InterfaceBlock</TYPE>
					</VALUE-ELEMENT>
				</OF-TYPE>
			</REFERENCES>
			<ADDITIONAL-PROPERTIES>
				<PORT-CONJUGATED>False</PORT-CONJUGATED>
			</ADDITIONAL-PROPERTIES></ELEMENT>