		<IPort type="e">
			<_id type="a">PORTGUID_HERE</_id>
			<_myState type="a">8192</_myState>
			<_rmmServerID type="a">PORTRMID_HERE_PROJECTAREAID_HERE</_rmmServerID>
			<_name type="a">PORTNAME_HERE</_name>
			<Stereotypes type="c">
				<IRPYRawContainer type="e">
					
						<IHandle type="e">
							<_hm2Class type="a">IStereotype</_hm2Class>
							<_hfilename type="a">$OMROOT\Profiles\SysML\SysMLProfile_rpy\SysML.sbs</_hfilename>
							<_hsubsystem type="a">SysML::PortsAndFlows</_hsubsystem>
							<_hname type="a">proxyPort</_hname>
							<_hid type="a">GUID b04e5e63-f5d7-4e3d-8000-2e07f5be4e8a</_hid>
						</IHandle>
					
				</IRPYRawContainer>
			</Stereotypes>
			<_modifiedTimeWeak type="a">CURRENTDATE_HERE</_modifiedTimeWeak>
			<_modifiedTime type="a">CURRENTDATE_HERE</_modifiedTime>
			<_multiplicity type="a">1</_multiplicity>
			<_otherClass type="r">
				<IClassifierHandle type="e">
					<_hm2Class type="a">IClass</_hm2Class>
					<_hfilename type="a">$OMROOT\Profiles\SysML\SysMLProfile_rpy\SysML.sbs</_hfilename>
					<_hsubsystem type="a">SysML::Common</_hsubsystem>
					<_hname type="a">StubInterfaceBlock</_hname>
					<_hid type="a">GUID f88d3e88-dcfa-434d-a824-071d77aa3bd7</_hid>
				</IClassifierHandle>
			</_otherClass>
			<_inverse type="r">
				<IHandle type="e">
				</IHandle>
			</_inverse>
		</IPort>